spread_name,entry_date,close_date,close_reason,days_held,contracts,credit,max_loss,pnl,trend_regime,vol_regime,ivr,atr_regime,underlying_px,iv_at_entry,hv_at_entry,vrp_at_entry,put_short_strike,call_short_strike
iron_condor,2019-01-10,2019-01-14,profit_target,4,5,1.5742,3.4258,629.58,neutral,mid,,contracting,154.35,0.4429,0.3753,0.0676,139,176.0
bull_put,2019-02-11,2019-02-15,profit_target,4,5,0.9702,4.0298,303.8,bullish,low,0.322,contracting,161.17,0.2206,0.187,0.0337,155,0.0
bull_put,2019-03-15,2019-04-01,profit_target,17,4,0.7493,4.2507,196.09,bullish,low,0.069,expanding,170.69,0.126,0.1068,0.0192,167,0.0
bull_put,2019-04-29,2019-05-02,stop_loss,3,4,0.6321,4.3679,-594.24,bullish,low,0.001,expanding,183.15,0.081,0.0686,0.0124,181,0.0
bull_put,2019-05-30,2019-06-07,profit_target,8,5,0.9509,4.0491,332.39,bearish,low,0.409,contracting,169.49,0.2367,0.2006,0.0361,162,0.0
bull_put,2019-07-05,2019-07-15,profit_target,10,4,0.9906,5.0094,220.9,bullish,low,0.187,contracting,183.58,0.1517,0.1285,0.0231,179,0.0
iron_condor,2019-08-12,2019-08-29,profit_target,17,5,1.4393,3.5607,381.17,neutral,mid,0.405,expanding,177.14,0.2351,0.1993,0.0359,168,190.0
long_dte_condor,2019-09-26,2019-10-22,profit_target,26,4,1.4845,4.5155,309.96,neutral,low,0.217,expanding,182.34,0.1632,0.1383,0.0249,175,193.0
bull_put,2019-11-19,2019-12-13,profit_target,24,3,0.6437,5.3563,123.03,bullish,low,0.012,contracting,195.81,0.0849,0.072,0.013,193,0.0
bull_put,2020-01-10,2020-01-22,profit_target,12,4,0.8857,5.1143,183.73,bullish,low,0.09,contracting,210.77,0.1114,0.0944,0.017,207,0.0
bull_put,2020-02-19,2020-02-24,stop_loss,5,3,1.2916,5.7084,-901.45,bullish,low,0.454,contracting,228.67,0.1936,0.1641,0.0295,221,0.0
high_credit_condor,2020-03-23,2020-04-02,profit_target,10,9,2.7686,2.2314,1251.73,bearish,high,0.996,contracting,164.83,1.0226,0.8666,0.156,147,205.0
bull_put,2020-04-30,2020-05-08,profit_target,8,4,1.4483,4.5517,358.58,bullish,low,0.363,contracting,211.68,0.4492,0.3807,0.0685,195,0.0
bull_put,2020-06-05,2020-06-30,profit_target,25,3,1.2926,5.7074,225.95,bullish,low,0.128,contracting,231.78,0.2092,0.1773,0.0319,223,0.0
long_dte_condor,2020-07-28,2020-09-04,dte_exit,38,3,2.6647,6.3353,-470.98,neutral,low,0.19,expanding,248.76,0.2729,0.2313,0.0416,232,272.0
long_dte_condor,2020-10-02,2020-10-21,profit_target,19,3,2.8816,6.1184,424.99,neutral,low,0.308,contracting,265.72,0.393,0.3331,0.06,240,303.0
bull_put,2020-11-18,2020-11-24,profit_target,6,3,1.8289,6.1711,318.17,bullish,low,0.279,contracting,281.02,0.3633,0.3079,0.0554,263,0.0
bull_put,2020-12-22,2021-01-19,dte_exit,28,3,1.4277,7.5723,268.87,bullish,low,0.049,contracting,300.6,0.1444,0.1224,0.022,293,0.0
bull_put,2021-02-16,2021-03-03,stop_loss,15,2,1.9776,8.0224,-914.79,bullish,low,0.108,contracting,325.62,0.2375,0.2012,0.0362,312,0.0
long_dte_condor,2021-03-31,2021-04-05,profit_target,5,2,3.3441,7.6559,342.95,neutral,low,0.2,contracting,310.08,0.3225,0.2733,0.0492,285,345.0
long_dte_condor,2021-05-03,2021-06-04,profit_target,32,2,2.7315,8.2685,301.65,neutral,low,0.07,contracting,326.66,0.1561,0.1323,0.0238,314,344.0
bull_put,2021-07-02,2021-07-23,profit_target,21,2,1.4314,8.5686,148.42,bullish,low,0.0,expanding,348.88,0.1153,0.0977,0.0176,342,0.0
bull_put,2021-08-20,2021-09-03,profit_target,14,2,1.4071,9.5929,136.74,bullish,low,0.002,expanding,357.72,0.1075,0.0911,0.0164,351,0.0
long_dte_condor,2021-10-01,2021-11-04,stop_loss,34,2,3.0841,8.9159,-1372.24,neutral,low,0.24,expanding,350.76,0.1776,0.1505,0.0271,335,372.0
iron_condor,2021-12-02,2021-12-23,profit_target,21,2,3.0196,7.9804,301.17,neutral,mid,0.344,expanding,379.72,0.2058,0.1744,0.0314,362,403.0
iron_condor,2022-01-20,2022-02-08,profit_target,19,2,3.1336,7.8664,306.2,bearish,mid,0.509,expanding,352.71,0.2533,0.2147,0.0386,332,379.0
high_credit_condor,2022-03-08,2022-03-29,stop_loss_fixed,21,8,3.1344,2.8656,-2084.54,bearish,high,0.854,contracting,315.3,0.38,0.322,0.058,300,339.0
high_credit_condor,2022-04-26,2022-05-24,dte_exit,28,8,3.0916,2.9084,-1673.17,neutral,high,0.714,expanding,309.63,0.3388,0.2871,0.0517,296,330.0
high_credit_condor,2022-06-21,2022-07-06,profit_target,15,10,2.6632,2.3368,1265.73,bearish,high,0.807,contracting,274.95,0.4642,0.3934,0.0708,259,301.0
bull_put,2022-08-03,2022-08-10,profit_target,7,3,2.0325,6.9675,325.66,bullish,low,0.496,contracting,315.85,0.3265,0.2767,0.0498,298,0.0
iron_condor,2022-09-07,2022-10-05,dte_exit,28,3,2.7378,6.2622,104.99,neutral,mid,0.457,contracting,292.45,0.3122,0.2645,0.0476,272,320.0
iron_condor,2022-11-02,2022-11-07,profit_target,5,4,2.5414,5.4586,508.04,bearish,mid,0.651,expanding,260.35,0.3984,0.3376,0.0608,237,292.0
bull_put,2022-12-05,2022-12-13,profit_target,8,4,1.9378,6.0622,426.12,bullish,low,0.595,expanding,281.87,0.4134,0.3504,0.0631,262,0.0
long_dte_condor,2023-01-10,2023-02-17,dte_exit,38,4,2.725,6.275,-282.94,neutral,low,0.148,contracting,268.0,0.2944,0.2495,0.0449,248,295.0
long_dte_condor,2023-03-17,2023-04-11,profit_target,25,3,2.9327,7.0673,482.77,bullish,mid,0.086,expanding,299.95,0.2567,0.2176,0.0392,281,327.0
bull_put,2023-05-09,2023-05-17,profit_target,8,3,1.7276,7.2724,325.53,bullish,low,0.106,expanding,316.43,0.2059,0.1745,0.0314,305,0.0
bull_put,2023-06-14,2023-06-22,profit_target,8,2,2.1094,8.8906,212.01,bullish,low,0.139,contracting,359.98,0.2092,0.1773,0.0319,347,0.0
bull_put,2023-07-20,2023-07-28,profit_target,8,2,2.0056,8.9944,280.38,bullish,low,0.101,expanding,371.17,0.1973,0.1672,0.0301,358,0.0
bull_put,2023-08-25,2023-08-29,profit_target,4,2,2.052,8.948,292.64,bearish,low,0.115,expanding,358.62,0.2016,0.1708,0.0307,346,0.0
bull_put,2023-09-26,2023-10-06,profit_target,10,3,1.7957,8.2043,324.04,bearish,low,0.091,expanding,349.46,0.1939,0.1643,0.0296,337,0.0
long_dte_condor,2023-11-03,2023-11-08,profit_target,5,2,3.6402,9.3598,346.46,neutral,low,0.21,expanding,362.78,0.2321,0.1967,0.0354,342,392.0
long_dte_condor,2023-12-06,2023-12-29,end_of_backtest,23,2,3.1785,9.8215,-680.6,neutral,low,0.018,contracting,379.88,0.1558,0.1321,0.0238,365,400.0
